<?xml version="1.0" encoding="UTF-8"?>
<con:soapui-project id="89226582-1f1e-4637-a71c-76589ed4dc8c" activeEnvironment="Default" name="JAX-WS FileManager" resourceRoot="" soapui-version="5.3.0" abortOnError="false" runType="SEQUENTIAL" xmlns:con="http://eviware.com/soapui/config"><con:settings/><con:interface xsi:type="con:WsdlInterface" id="f228ebc2-6953-4341-ad30-a9775c6912f4" wsaVersion="NONE" name="FileManagerServiceSoapBinding" type="wsdl" bindingName="{http://service.jaxws.examples.javacodegeeks.com/}FileManagerServiceSoapBinding" soapVersion="1_1" anonymous="optional" definition="http://localhost:8080/JaxWsAttach/services/fileManager?wsdl" xmlns:xsi="http://www.w3.org/2001/XMLSchema-instance"><con:settings/><con:definitionCache type="TEXT" rootPart="http://localhost:8080/JaxWsAttach/services/fileManager?wsdl"><con:part><con:url>http://localhost:8080/JaxWsAttach/services/fileManager?wsdl</con:url><con:content><![CDATA[<wsdl:definitions name="FileManagerService" targetNamespace="http://service.jaxws.examples.javacodegeeks.com/" xmlns:xsd="http://www.w3.org/2001/XMLSchema" xmlns:wsdl="http://schemas.xmlsoap.org/wsdl/" xmlns:tns="http://service.jaxws.examples.javacodegeeks.com/" xmlns:soap="http://schemas.xmlsoap.org/wsdl/soap/" xmlns:ns1="http://schemas.xmlsoap.org/soap/http">
  <wsdl:types>
    <xs:schema elementFormDefault="unqualified" targetNamespace="http://service.jaxws.examples.javacodegeeks.com/" version="1.0" xmlns:xs="http://www.w3.org/2001/XMLSchema">
      <xs:element name="downloadFile" type="tns:downloadFile"/>
      <xs:element name="downloadFileResponse" type="tns:downloadFileResponse"/>
      <xs:element name="uploadFile" type="tns:uploadFile"/>
      <xs:element name="uploadFileResponse" type="tns:uploadFileResponse"/>
      <xs:complexType name="downloadFile">
        <xs:sequence/>
      </xs:complexType>
      <xs:complexType name="downloadFileResponse">
        <xs:sequence>
          <xs:element minOccurs="0" name="return" type="xs:base64Binary"/>
        </xs:sequence>
      </xs:complexType>
      <xs:complexType name="uploadFile">
        <xs:sequence>
          <xs:element minOccurs="0" name="file" type="xs:base64Binary"/>
        </xs:sequence>
      </xs:complexType>
      <xs:complexType name="uploadFileResponse">
        <xs:sequence/>
      </xs:complexType>
    </xs:schema>
  </wsdl:types>
  <wsdl:message name="downloadFileResponse">
    <wsdl:part element="tns:downloadFileResponse" name="parameters"></wsdl:part>
  </wsdl:message>
  <wsdl:message name="downloadFile">
    <wsdl:part element="tns:downloadFile" name="parameters"></wsdl:part>
  </wsdl:message>
  <wsdl:message name="uploadFile">
    <wsdl:part element="tns:uploadFile" name="parameters"></wsdl:part>
  </wsdl:message>
  <wsdl:message name="uploadFileResponse">
    <wsdl:part element="tns:uploadFileResponse" name="parameters"></wsdl:part>
  </wsdl:message>
  <wsdl:portType name="FileManager">
    <wsdl:operation name="downloadFile">
      <wsdl:input message="tns:downloadFile" name="downloadFile"></wsdl:input>
      <wsdl:output message="tns:downloadFileResponse" name="downloadFileResponse"></wsdl:output>
    </wsdl:operation>
    <wsdl:operation name="uploadFile">
      <wsdl:input message="tns:uploadFile" name="uploadFile"></wsdl:input>
      <wsdl:output message="tns:uploadFileResponse" name="uploadFileResponse"></wsdl:output>
    </wsdl:operation>
  </wsdl:portType>
  <wsdl:binding name="FileManagerServiceSoapBinding" type="tns:FileManager">
    <soap:binding style="document" transport="http://schemas.xmlsoap.org/soap/http"/>
    <wsdl:operation name="downloadFile">
      <soap:operation soapAction="" style="document"/>
      <wsdl:input name="downloadFile">
        <soap:body use="literal"/>
      </wsdl:input>
      <wsdl:output name="downloadFileResponse">
        <soap:body use="literal"/>
      </wsdl:output>
    </wsdl:operation>
    <wsdl:operation name="uploadFile">
      <soap:operation soapAction="" style="document"/>
      <wsdl:input name="uploadFile">
        <soap:body use="literal"/>
      </wsdl:input>
      <wsdl:output name="uploadFileResponse">
        <soap:body use="literal"/>
      </wsdl:output>
    </wsdl:operation>
  </wsdl:binding>
  <wsdl:service name="FileManagerService">
    <wsdl:port binding="tns:FileManagerServiceSoapBinding" name="FileManagerPort">
      <soap:address location="http://localhost:8080/JaxWsAttach/services/fileManager"/>
    </wsdl:port>
  </wsdl:service>
</wsdl:definitions>]]></con:content><con:type>http://schemas.xmlsoap.org/wsdl/</con:type></con:part></con:definitionCache><con:endpoints><con:endpoint>http://localhost:8080/JaxWsAttach/services/fileManager</con:endpoint></con:endpoints><con:operation id="2438c1e0-74cc-457c-839a-8d6e36f95a27" isOneWay="false" action="" name="downloadFile" bindingOperationName="downloadFile" type="Request-Response" outputName="downloadFileResponse" inputName="downloadFile" receivesAttachments="false" sendsAttachments="false" anonymous="optional"><con:settings/><con:call id="4e5389d0-f3c1-42b9-90e3-4c2bbcc4a6eb" name="Request 1"><con:settings><con:setting id="com.eviware.soapui.impl.wsdl.WsdlRequest@request-headers">&lt;xml-fragment/></con:setting></con:settings><con:encoding>UTF-8</con:encoding><con:endpoint>http://localhost:8080/JaxWsAttach/services/fileManager</con:endpoint><con:request><![CDATA[<soapenv:Envelope xmlns:soapenv="http://schemas.xmlsoap.org/soap/envelope/" xmlns:ser="http://service.jaxws.examples.javacodegeeks.com/">
   <soapenv:Header/>
   <soapenv:Body>
      <ser:downloadFile/>
   </soapenv:Body>
</soapenv:Envelope>]]></con:request><con:credentials><con:authType>No Authorization</con:authType></con:credentials><con:jmsConfig JMSDeliveryMode="PERSISTENT"/><con:jmsPropertyConfig/><con:wsaConfig mustUnderstand="NONE" version="200508" action="http://service.jaxws.examples.javacodegeeks.com/FileManager/downloadFile"/><con:wsrmConfig version="1.2"/></con:call></con:operation><con:operation id="a5900002-9a4d-4e71-8633-fa9f8015706b" isOneWay="false" action="" name="uploadFile" bindingOperationName="uploadFile" type="Request-Response" outputName="uploadFileResponse" inputName="uploadFile" receivesAttachments="false" sendsAttachments="false" anonymous="optional"><con:settings/><con:call id="a360eda3-cda9-488c-a0a5-797e390246ba" name="Request 1"><con:settings><con:setting id="com.eviware.soapui.impl.wsdl.WsdlRequest@request-headers">&lt;xml-fragment/></con:setting></con:settings><con:encoding>UTF-8</con:encoding><con:endpoint>http://localhost:8080/JaxWsAttach/services/fileManager</con:endpoint><con:request><![CDATA[<soapenv:Envelope xmlns:soapenv="http://schemas.xmlsoap.org/soap/envelope/" xmlns:ser="http://service.jaxws.examples.javacodegeeks.com/">
   <soapenv:Header/>
   <soapenv:Body>
      <ser:uploadFile>
         <!--Optional:-->
         <file>cid:881136054859</file>
      </ser:uploadFile>
   </soapenv:Body>
</soapenv:Envelope>]]></con:request><con:credentials><con:authType>No Authorization</con:authType></con:credentials><con:attachment><con:name>Logo.jpg</con:name><con:contentType>image/jpeg</con:contentType><con:contentId>Logo.jpg</con:contentId><con:part>881136054859</con:part><con:url>/Users/gilbertlopez/downloaded/Logo.jpg</con:url><con:id>822284b1-38dd-441c-aa56-61a66e1808ab</con:id></con:attachment><con:jmsConfig JMSDeliveryMode="PERSISTENT"/><con:jmsPropertyConfig/><con:wsaConfig mustUnderstand="NONE" version="200508" action="http://service.jaxws.examples.javacodegeeks.com/FileManager/uploadFile"/><con:wsrmConfig version="1.2"/></con:call></con:operation></con:interface><con:properties/><con:wssContainer/><con:oAuth2ProfileContainer/><con:oAuth1ProfileContainer/><con:sensitiveInformation/></con:soapui-project>