[{"checked":false,"fileName":"20200605CTCデモ - コピー (2).mp4","filePath":"C:\\pleiades_0917\\workspace\\JavaFxSample\\mp4\\20200605CTCデモ - コピー (2).mp4","fileSize":227797147,"updateDate":"2020/09/24 17:30:38","status":"STATUS_WORKING","uploadFileName":"","bikou":"","hosp_id":"","patient_id":"","movie_index":0,"movie_date":"","movie_send_time":""},{"checked":false,"fileName":"20200605CTCデモ - コピー (3).mp4","filePath":"C:\\pleiades_0917\\workspace\\JavaFxSample\\mp4\\20200605CTCデモ - コピー (3).mp4","fileSize":227797147,"updateDate":"2020/09/24 17:30:38","status":"STATUS_WORKING","uploadFileName":"","bikou":"","hosp_id":"","patient_id":"","movie_index":0,"movie_date":"","movie_send_time":""},{"checked":false,"fileName":"20200605CTCデモ - コピー (4).mp4","filePath":"C:\\pleiades_0917\\workspace\\JavaFxSample\\mp4\\20200605CTCデモ - コピー (4).mp4","fileSize":227797147,"updateDate":"2020/09/24 17:30:38","status":"STATUS_WORKING","uploadFileName":"","bikou":"","hosp_id":"","patient_id":"","movie_index":0,"movie_date":"","movie_send_time":""},{"checked":false,"fileName":"20200605CTCデモ - コピー.mp4","filePath":"C:\\pleiades_0917\\workspace\\JavaFxSample\\mp4\\20200605CTCデモ - コピー.mp4","fileSize":227797147,"updateDate":"2020/09/24 17:30:38","status":"STATUS_WORKING","uploadFileName":"","bikou":"","hosp_id":"","patient_id":"","movie_index":0,"movie_date":"","movie_send_time":""},{"checked":false,"fileName":"20200605CTCデモ.mp4","filePath":"C:\\pleiades_0917\\workspace\\JavaFxSample\\mp4\\20200605CTCデモ.mp4","fileSize":227797147,"updateDate":"2020/09/24 17:30:38","status":"STATUS_COMPLETED","uploadFileName":"","bikou":"","hosp_id":"701701","patient_id":"34","movie_index":5,"movie_date":"2020-09-24","movie_send_time":"2020/11/18 13:22:55"},{"checked":false,"fileName":"oow2010-2.mp4","filePath":"C:\\pleiades_0917\\workspace\\JavaFxSample\\mp4\\oow2010-2.mp4","fileSize":2787269,"updateDate":"2020/08/29 01:11:12","status":"STATUS_COMPLETED","uploadFileName":"","bikou":"","hosp_id":"701701","patient_id":"34","movie_index":6,"movie_date":"2020-08-29","movie_send_time":"2020/11/18 15:11:57"},{"checked":false,"fileName":"sample2 - コピー (2).mp4","filePath":"C:\\pleiades_0917\\workspace\\JavaFxSample\\mp4\\sample2 - コピー (2).mp4","fileSize":1501440,"updateDate":"2020/09/06 02:46:04","status":"STATUS_COMPLETED","uploadFileName":"","bikou":"","hosp_id":"701701","patient_id":"34","movie_index":7,"movie_date":"2020-09-06","movie_send_time":"2020/11/18 12:56:28"},{"checked":false,"fileName":"sample2 - コピー.mp4","filePath":"C:\\pleiades_0917\\workspace\\JavaFxSample\\mp4\\sample2 - コピー.mp4","fileSize":1501440,"updateDate":"2020/09/06 02:46:04","status":"STATUS_COMPLETED","uploadFileName":"","bikou":"","hosp_id":"701701","patient_id":"34","movie_index":8,"movie_date":"2020-09-06","movie_send_time":"2020/11/18 15:07:25"},{"checked":false,"fileName":"sample2.mp4","filePath":"C:\\pleiades_0917\\workspace\\JavaFxSample\\mp4\\sample2.mp4","fileSize":1501440,"updateDate":"2020/09/06 02:46:04","status":"STATUS_COMPLETED","uploadFileName":"","bikou":"eee","hosp_id":"701701","patient_id":"34","movie_index":9,"movie_date":"2020-09-06","movie_send_time":"2020/11/18 17:55:53"}]