[{"checked":false,"fileName":"20200605CTCデモ - コピー (2).mp4","filePath":"C:\\pleiades_0917\\workspace\\JavaFxSample\\mp4\\20200605CTCデモ - コピー (2).mp4","fileSize":227797147,"updateDate":"2020/09/24 17:30:38","status":"STATUS_WORKING","uploadFileName":"","bikou":"","hosp_id":"","patient_id":"","movie_index":0,"movie_date":"","movie_send_time":""},{"checked":false,"fileName":"20200605CTCデモ - コピー (3).mp4","filePath":"C:\\pleiades_0917\\workspace\\JavaFxSample\\mp4\\20200605CTCデモ - コピー (3).mp4","fileSize":227797147,"updateDate":"2020/09/24 17:30:38","status":"STATUS_WORKING","uploadFileName":"","bikou":"","hosp_id":"","patient_id":"","movie_index":0,"movie_date":"","movie_send_time":""},{"checked":false,"fileName":"20200605CTCデモ - コピー (4).mp4","filePath":"C:\\pleiades_0917\\workspace\\JavaFxSample\\mp4\\20200605CTCデモ - コピー (4).mp4","fileSize":227797147,"updateDate":"2020/09/24 17:30:38","status":"STATUS_WORKING","uploadFileName":"","bikou":"","hosp_id":"","patient_id":"","movie_index":0,"movie_date":"","movie_send_time":""},{"checked":false,"fileName":"20200605CTCデモ - コピー.mp4","filePath":"C:\\pleiades_0917\\workspace\\JavaFxSample\\mp4\\20200605CTCデモ - コピー.mp4","fileSize":227797147,"updateDate":"2020/09/24 17:30:38","status":"STATUS_WORKING","uploadFileName":"","bikou":"","hosp_id":"","patient_id":"","movie_index":0,"movie_date":"","movie_send_time":""},{"checked":false,"fileName":"20200605CTCデモ - コピー.png","filePath":"C:\\pleiades_0917\\workspace\\JavaFxSample\\mp4\\20200605CTCデモ - コピー.png","fileSize":10906,"updateDate":"2020/11/19 15:22:23","status":"STATUS_WORKING","uploadFileName":"","bikou":"","hosp_id":"","patient_id":"","movie_index":0,"movie_date":"","movie_send_time":""},{"checked":false,"fileName":"20200605CTCデモ.mp4","filePath":"C:\\pleiades_0917\\workspace\\JavaFxSample\\mp4\\20200605CTCデモ.mp4","fileSize":227797147,"updateDate":"2020/09/24 17:30:38","status":"STATUS_WORKING","uploadFileName":"","bikou":"","hosp_id":"","patient_id":"","movie_index":0,"movie_date":"","movie_send_time":""},{"checked":false,"fileName":"oow2010-2.mp4","filePath":"C:\\pleiades_0917\\workspace\\JavaFxSample\\mp4\\oow2010-2.mp4","fileSize":2787269,"updateDate":"2020/08/29 01:11:12","status":"STATUS_WORKING","uploadFileName":"","bikou":"","hosp_id":"","patient_id":"","movie_index":0,"movie_date":"","movie_send_time":""},{"checked":false,"fileName":"sample2 - コピー (2).mp4","filePath":"C:\\pleiades_0917\\workspace\\JavaFxSample\\mp4\\sample2 - コピー (2).mp4","fileSize":1501440,"updateDate":"2020/09/06 02:46:04","status":"STATUS_WORKING","uploadFileName":"701701_34_20200906_8.mp4","bikou":"www","hosp_id":"701701","patient_id":"34","movie_index":8,"movie_date":"2020-09-06","movie_send_time":"2020/11/20 09:49:05"},{"checked":false,"fileName":"sample2 - コピー.mp4","filePath":"C:\\pleiades_0917\\workspace\\JavaFxSample\\mp4\\sample2 - コピー.mp4","fileSize":1501440,"updateDate":"2020/09/06 02:46:04","status":"STATUS_WORKING","uploadFileName":"","bikou":"","hosp_id":"701701","patient_id":"34","movie_index":9,"movie_date":"2020-09-06","movie_send_time":"2020/11/20 09:46:00"},{"checked":false,"fileName":"sample2.mp4","filePath":"C:\\pleiades_0917\\workspace\\JavaFxSample\\mp4\\sample2.mp4","fileSize":1501440,"updateDate":"2020/09/06 02:46:04","status":"STATUS_COMPLETED","uploadFileName":"701701_34_20200906_10.mp4","bikou":"","hosp_id":"701701","patient_id":"34","movie_index":10,"movie_date":"2020-09-06","movie_send_time":"2020/11/20 09:55:26"},{"checked":false,"fileName":"61748671.jpg","filePath":"C:\\pleiades_0917\\workspace\\JavaFxSample\\mp4\\61748671.jpg","fileSize":114660,"updateDate":"2020/11/20 17:05:19","status":"STATUS_NEW","uploadFileName":"","bikou":"","hosp_id":"","patient_id":"","movie_index":0,"movie_date":"","movie_send_time":""},{"checked":false,"fileName":"89a4779d3836ea432f7ea074e522a17e.jpg","filePath":"C:\\pleiades_0917\\workspace\\JavaFxSample\\mp4\\89a4779d3836ea432f7ea074e522a17e.jpg","fileSize":88696,"updateDate":"2020/11/20 17:06:43","status":"STATUS_NEW","uploadFileName":"","bikou":"","hosp_id":"","patient_id":"","movie_index":0,"movie_date":"","movie_send_time":""},{"checked":false,"fileName":"chile-5056788__340.jpg","filePath":"C:\\pleiades_0917\\workspace\\JavaFxSample\\mp4\\chile-5056788__340.jpg","fileSize":58713,"updateDate":"2020/11/20 17:08:40","status":"STATUS_NEW","uploadFileName":"","bikou":"","hosp_id":"","patient_id":"","movie_index":0,"movie_date":"","movie_send_time":""},{"checked":false,"fileName":"trees-5749406__340.jpg","filePath":"C:\\pleiades_0917\\workspace\\JavaFxSample\\mp4\\trees-5749406__340.jpg","fileSize":80487,"updateDate":"2020/11/20 17:08:34","status":"STATUS_NEW","uploadFileName":"","bikou":"","hosp_id":"","patient_id":"","movie_index":0,"movie_date":"","movie_send_time":""},{"checked":false,"fileName":"800mangaso.jpg","filePath":"C:\\pleiades_0917\\workspace\\JavaFxSample\\mp4\\800mangaso.jpg","fileSize":108304,"updateDate":"2020/11/20 17:16:45","status":"STATUS_NEW","uploadFileName":"","bikou":"","hosp_id":"","patient_id":"","movie_index":0,"movie_date":"","movie_send_time":""},{"checked":false,"fileName":"demo_hdri.jpg","filePath":"C:\\pleiades_0917\\workspace\\JavaFxSample\\mp4\\demo_hdri.jpg","fileSize":83037,"updateDate":"2020/11/20 17:15:35","status":"STATUS_NEW","uploadFileName":"","bikou":"","hosp_id":"","patient_id":"","movie_index":0,"movie_date":"","movie_send_time":""},{"checked":false,"fileName":"we3170_sample2.jpg","filePath":"C:\\pleiades_0917\\workspace\\JavaFxSample\\mp4\\we3170_sample2.jpg","fileSize":710969,"updateDate":"2020/11/20 17:23:14","status":"STATUS_NEW","uploadFileName":"","bikou":"","hosp_id":"","patient_id":"","movie_index":0,"movie_date":"","movie_send_time":""}]