[{"checked":false,"fileName":"20200605CTCデモ - コピー (2).mp4","filePath":"C:\\HaoWork\\14_動画データ - コピー\\20200605CTCデモ - コピー (2).mp4","fileSize":227797147,"updateDate":"2020/09/24 17:30:38","status":"STATUS_COMPLETED","uploadFileName":"701701_104_20200924_1.mp4","bikou":"","hosp_id":"701701","patient_id":"104","movie_index":1,"movie_date":"2020-09-24","movie_send_time":"2020/12/18 19:38:27","bunrui":"","title":""},{"checked":false,"fileName":"20200605CTCデモ - コピー (4).mp4","filePath":"C:\\HaoWork\\14_動画データ - コピー\\20200605CTCデモ - コピー (4).mp4","fileSize":227797147,"updateDate":"2020/09/24 17:30:38","status":"STATUS_COMPLETED","uploadFileName":"701701_81_20200924_2.mp4","bikou":"","hosp_id":"701701","patient_id":"81","movie_index":2,"movie_date":"2020-09-24","movie_send_time":"2020/12/18 21:27:09","bunrui":"","title":""},{"checked":false,"fileName":"20200605CTCデモ - コピー.mp4","filePath":"C:\\HaoWork\\14_動画データ - コピー\\20200605CTCデモ - コピー.mp4","fileSize":227797147,"updateDate":"2020/09/24 17:30:38","status":"STATUS_COMPLETED","uploadFileName":"701701_137_20200924_3.mp4","bikou":"","hosp_id":"701701","patient_id":"137","movie_index":3,"movie_date":"2020-09-24","movie_send_time":"2020/12/18 20:57:23","bunrui":"","title":""},{"checked":false,"fileName":"20200605CTCデモ - コピー.png","filePath":"C:\\HaoWork\\14_動画データ - コピー\\20200605CTCデモ - コピー.png","fileSize":10906,"updateDate":"2020/11/19 15:22:23","status":"STATUS_COMPLETED","uploadFileName":"20200605CTCデモ - コピー.png","bikou":"","hosp_id":"701701","patient_id":"81","movie_index":0,"movie_date":"2020-11-19","movie_send_time":"2020/12/18 21:22:22","bunrui":"","title":""},{"checked":false,"fileName":"20200605CTCデモ.mp4","filePath":"C:\\HaoWork\\14_動画データ - コピー\\20200605CTCデモ.mp4","fileSize":227797147,"updateDate":"2020/09/24 17:30:38","status":"STATUS_COMPLETED","uploadFileName":"701701_34_20200924_5.mp4","bikou":"","hosp_id":"701701","patient_id":"34","movie_index":5,"movie_date":"2020-09-24","movie_send_time":"2020/12/18 20:21:16","bunrui":"","title":""},{"checked":false,"fileName":"800mangaso.jpg","filePath":"C:\\HaoWork\\14_動画データ - コピー\\800mangaso.jpg","fileSize":108304,"updateDate":"2020/11/20 17:16:45","status":"STATUS_NEW","uploadFileName":"800mangaso.jpg","bikou":"","hosp_id":"701701","patient_id":"81","movie_index":0,"movie_date":"2020-11-20","movie_send_time":"2020/12/18 21:27:34","bunrui":"","title":""},{"checked":false,"fileName":"89a4779d3836ea432f7ea074e522a17e.jpg","filePath":"C:\\HaoWork\\14_動画データ - コピー\\89a4779d3836ea432f7ea074e522a17e.jpg","fileSize":88696,"updateDate":"2020/11/20 17:06:43","status":"STATUS_COMPLETED","uploadFileName":"89a4779d3836ea432f7ea074e522a17e.jpg","bikou":"","hosp_id":"701701","patient_id":"34","movie_index":0,"movie_date":"2020-11-20","movie_send_time":"2020/12/18 20:19:36","bunrui":"","title":""},{"checked":false,"fileName":"BK61748671.jpg","filePath":"C:\\HaoWork\\14_動画データ - コピー\\BK61748671.jpg","fileSize":114660,"updateDate":"2020/11/20 17:05:19","status":"STATUS_COMPLETED","uploadFileName":"BK61748671.jpg","bikou":"","hosp_id":"701701","patient_id":"4","movie_index":0,"movie_date":"2020-11-20","movie_send_time":"2020/12/18 20:31:59","bunrui":"","title":""},{"checked":false,"fileName":"BKKKoow2010-2.mp4","filePath":"C:\\HaoWork\\14_動画データ - コピー\\BKKKoow2010-2.mp4","fileSize":2787269,"updateDate":"2020/08/29 01:11:12","status":"STATUS_COMPLETED","uploadFileName":"701701_104_20200829_9.mp4","bikou":"","hosp_id":"701701","patient_id":"104","movie_index":9,"movie_date":"2020-08-29","movie_send_time":"2020/12/18 20:52:21","bunrui":"","title":""},{"checked":false,"fileName":"chile-5056788__340.jpg","filePath":"C:\\HaoWork\\14_動画データ - コピー\\chile-5056788__340.jpg","fileSize":58713,"updateDate":"2020/11/20 17:08:40","status":"STATUS_COMPLETED","uploadFileName":"chile-5056788__340.jpg","bikou":"","hosp_id":"701701","patient_id":"104","movie_index":0,"movie_date":"2020-11-20","movie_send_time":"2020/12/18 20:52:29","bunrui":"","title":""},{"checked":false,"fileName":"sample2 - コピー (2).mp4","filePath":"C:\\HaoWork\\14_動画データ - コピー\\sample2 - コピー (2).mp4","fileSize":1501440,"updateDate":"2020/09/06 02:46:04","status":"STATUS_COMPLETED","uploadFileName":"701701_137_20200906_11.mp4","bikou":"","hosp_id":"701701","patient_id":"137","movie_index":11,"movie_date":"2020-09-06","movie_send_time":"2020/12/18 20:57:39","bunrui":"","title":""},{"checked":false,"fileName":"sample2 - コピー.mp4","filePath":"C:\\HaoWork\\14_動画データ - コピー\\sample2 - コピー.mp4","fileSize":1501440,"updateDate":"2020/09/06 02:46:04","status":"STATUS_COMPLETED","uploadFileName":"701701_81_20200906_12.mp4","bikou":"","hosp_id":"701701","patient_id":"81","movie_index":12,"movie_date":"2020-09-06","movie_send_time":"2020/12/18 21:23:48","bunrui":"","title":""},{"checked":false,"fileName":"sample2.mp4","filePath":"C:\\HaoWork\\14_動画データ - コピー\\sample2.mp4","fileSize":1501440,"updateDate":"2020/09/06 02:46:04","status":"STATUS_COMPLETED","uploadFileName":"701701_4_20200906_13.mp4","bikou":"","hosp_id":"701701","patient_id":"4","movie_index":13,"movie_date":"2020-09-06","movie_send_time":"2020/12/18 20:32:11","bunrui":"","title":""},{"checked":false,"fileName":"trees-5749406__340.jpg","filePath":"C:\\HaoWork\\14_動画データ - コピー\\trees-5749406__340.jpg","fileSize":80487,"updateDate":"2020/11/20 17:08:34","status":"STATUS_NEW","uploadFileName":"","bikou":"","hosp_id":"","patient_id":"","movie_index":0,"movie_date":"","movie_send_time":"","bunrui":"","title":""},{"checked":false,"fileName":"we3170_sample2.jpg","filePath":"C:\\HaoWork\\14_動画データ - コピー\\we3170_sample2.jpg","fileSize":710969,"updateDate":"2020/11/20 17:23:14","status":"STATUS_NEW","uploadFileName":"","bikou":"","hosp_id":"","patient_id":"","movie_index":0,"movie_date":"","movie_send_time":"","bunrui":"","title":""}]