[{"checked":false,"fileName":"20200605CTCデモ - コピー (2).mp4","filePath":"C:\\HaoWork\\14_動画データ\\20200605CTCデモ - コピー (2).mp4","fileSize":227797147,"updateDate":"2020/09/24 17:30:38","status":"STATUS_NEW","uploadFileName":"","bikou":"","hosp_id":"","patient_id":"","movie_index":0,"movie_date":"","movie_send_time":"","bunrui":"","title":""},{"checked":false,"fileName":"20200605CTCデモ - コピー (4).mp4","filePath":"C:\\HaoWork\\14_動画データ\\20200605CTCデモ - コピー (4).mp4","fileSize":227797147,"updateDate":"2020/09/24 17:30:38","status":"STATUS_NEW","uploadFileName":"","bikou":"","hosp_id":"","patient_id":"","movie_index":0,"movie_date":"","movie_send_time":"","bunrui":"","title":""},{"checked":false,"fileName":"20200605CTCデモ - コピー.mp4","filePath":"C:\\HaoWork\\14_動画データ\\20200605CTCデモ - コピー.mp4","fileSize":227797147,"updateDate":"2020/09/24 17:30:38","status":"STATUS_NEW","uploadFileName":"","bikou":"","hosp_id":"","patient_id":"","movie_index":0,"movie_date":"","movie_send_time":"","bunrui":"","title":""},{"checked":false,"fileName":"20200605CTCデモ - コピー.png","filePath":"C:\\HaoWork\\14_動画データ\\20200605CTCデモ - コピー.png","fileSize":10906,"updateDate":"2020/11/19 15:22:23","status":"STATUS_NEW","uploadFileName":"","bikou":"","hosp_id":"","patient_id":"","movie_index":0,"movie_date":"","movie_send_time":"","bunrui":"","title":""},{"checked":false,"fileName":"20200605CTCデモ.mp4","filePath":"C:\\HaoWork\\14_動画データ\\20200605CTCデモ.mp4","fileSize":227797147,"updateDate":"2020/09/24 17:30:38","status":"STATUS_NEW","uploadFileName":"","bikou":"","hosp_id":"","patient_id":"","movie_index":0,"movie_date":"","movie_send_time":"","bunrui":"","title":""},{"checked":false,"fileName":"800mangaso.jpg","filePath":"C:\\HaoWork\\14_動画データ\\800mangaso.jpg","fileSize":108304,"updateDate":"2020/11/20 17:16:45","status":"STATUS_NEW","uploadFileName":"","bikou":"","hosp_id":"","patient_id":"","movie_index":0,"movie_date":"","movie_send_time":"","bunrui":"","title":""},{"checked":false,"fileName":"89a4779d3836ea432f7ea074e522a17e.jpg","filePath":"C:\\HaoWork\\14_動画データ\\89a4779d3836ea432f7ea074e522a17e.jpg","fileSize":88696,"updateDate":"2020/11/20 17:06:43","status":"STATUS_NEW","uploadFileName":"","bikou":"","hosp_id":"","patient_id":"","movie_index":0,"movie_date":"","movie_send_time":"","bunrui":"","title":""},{"checked":false,"fileName":"BK61748671.jpg","filePath":"C:\\HaoWork\\14_動画データ\\BK61748671.jpg","fileSize":114660,"updateDate":"2020/11/20 17:05:19","status":"STATUS_NEW","uploadFileName":"","bikou":"","hosp_id":"","patient_id":"","movie_index":0,"movie_date":"","movie_send_time":"","bunrui":"","title":""},{"checked":false,"fileName":"BKKKoow2010-2.mp4","filePath":"C:\\HaoWork\\14_動画データ\\BKKKoow2010-2.mp4","fileSize":2787269,"updateDate":"2020/08/29 01:11:12","status":"STATUS_NEW","uploadFileName":"","bikou":"","hosp_id":"","patient_id":"","movie_index":0,"movie_date":"","movie_send_time":"","bunrui":"","title":""},{"checked":false,"fileName":"chile-5056788__340.jpg","filePath":"C:\\HaoWork\\14_動画データ\\chile-5056788__340.jpg","fileSize":58713,"updateDate":"2020/11/20 17:08:40","status":"STATUS_NEW","uploadFileName":"","bikou":"","hosp_id":"","patient_id":"","movie_index":0,"movie_date":"","movie_send_time":"","bunrui":"","title":""},{"checked":false,"fileName":"sample2 - コピー (2).mp4","filePath":"C:\\HaoWork\\14_動画データ\\sample2 - コピー (2).mp4","fileSize":1501440,"updateDate":"2020/09/06 02:46:04","status":"STATUS_NEW","uploadFileName":"","bikou":"","hosp_id":"","patient_id":"","movie_index":0,"movie_date":"","movie_send_time":"","bunrui":"","title":""},{"checked":false,"fileName":"sample2 - コピー.mp4","filePath":"C:\\HaoWork\\14_動画データ\\sample2 - コピー.mp4","fileSize":1501440,"updateDate":"2020/09/06 02:46:04","status":"STATUS_NEW","uploadFileName":"","bikou":"","hosp_id":"","patient_id":"","movie_index":0,"movie_date":"","movie_send_time":"","bunrui":"","title":""},{"checked":false,"fileName":"sample2.mp4","filePath":"C:\\HaoWork\\14_動画データ\\sample2.mp4","fileSize":1501440,"updateDate":"2020/09/06 02:46:04","status":"STATUS_NEW","uploadFileName":"","bikou":"","hosp_id":"","patient_id":"","movie_index":0,"movie_date":"","movie_send_time":"","bunrui":"","title":""},{"checked":false,"fileName":"trees-5749406__340.jpg","filePath":"C:\\HaoWork\\14_動画データ\\trees-5749406__340.jpg","fileSize":80487,"updateDate":"2020/11/20 17:08:34","status":"STATUS_NEW","uploadFileName":"","bikou":"","hosp_id":"","patient_id":"","movie_index":0,"movie_date":"","movie_send_time":"","bunrui":"","title":""},{"checked":false,"fileName":"we3170_sample2.jpg","filePath":"C:\\HaoWork\\14_動画データ\\we3170_sample2.jpg","fileSize":710969,"updateDate":"2020/11/20 17:23:14","status":"STATUS_NEW","uploadFileName":"","bikou":"","hosp_id":"","patient_id":"","movie_index":0,"movie_date":"","movie_send_time":"","bunrui":"","title":""}]