[{"checked":false,"fileName":"20180205Programα15分間勉強会③.mp4","filePath":"Z:\\動画\\14_動画データ\\20180205Programα15分間勉強会③.mp4","fileSize":199381940,"updateDate":"2020/12/17 16:48:31","status":"STATUS_NEW","uploadFileName":"","bikou":"","hosp_id":"","patient_id":"","movie_index":0,"movie_date":"","movie_send_time":"","bunrui":"","title":""},{"checked":false,"fileName":"20180514営業研修_川端先生①.mp4","filePath":"Z:\\動画\\14_動画データ\\20180514営業研修_川端先生①.mp4","fileSize":100299884,"updateDate":"2020/12/17 16:49:09","status":"STATUS_NEW","uploadFileName":"","bikou":"","hosp_id":"","patient_id":"","movie_index":0,"movie_date":"","movie_send_time":"","bunrui":"","title":""},{"checked":false,"fileName":"20180514営業研修_川端先生②.mp4","filePath":"Z:\\動画\\14_動画データ\\20180514営業研修_川端先生②.mp4","fileSize":47905409,"updateDate":"2020/12/17 16:49:21","status":"STATUS_NEW","uploadFileName":"","bikou":"","hosp_id":"","patient_id":"","movie_index":0,"movie_date":"","movie_send_time":"","bunrui":"","title":""},{"checked":false,"fileName":"20180927Withyouプロジェクト会議_第3回.mp4","filePath":"Z:\\動画\\14_動画データ\\20180927Withyouプロジェクト会議_第3回.mp4","fileSize":313578075,"updateDate":"2020/12/17 16:39:09","status":"STATUS_NEW","uploadFileName":"","bikou":"","hosp_id":"","patient_id":"","movie_index":0,"movie_date":"","movie_send_time":"","bunrui":"","title":""},{"checked":false,"fileName":"20200605CTCデモ - 14.mp4","filePath":"Z:\\動画\\14_動画データ\\20200605CTCデモ - 14.mp4","fileSize":227797147,"updateDate":"2020/09/24 17:30:38","status":"STATUS_NEW","uploadFileName":"","bikou":"","hosp_id":"","patient_id":"","movie_index":0,"movie_date":"","movie_send_time":"","bunrui":"","title":""},{"checked":false,"fileName":"20200605CTCデモ - 16.png","filePath":"Z:\\動画\\14_動画データ\\20200605CTCデモ - 16.png","fileSize":10906,"updateDate":"2020/11/19 15:22:23","status":"STATUS_NEW","uploadFileName":"","bikou":"","hosp_id":"","patient_id":"","movie_index":0,"movie_date":"","movie_send_time":"","bunrui":"","title":""},{"checked":false,"fileName":"20200605CTCデモ - コピー (3).mp4","filePath":"Z:\\動画\\14_動画データ\\20200605CTCデモ - コピー (3).mp4","fileSize":227797147,"updateDate":"2020/09/24 17:30:38","status":"STATUS_NEW","uploadFileName":"","bikou":"","hosp_id":"","patient_id":"","movie_index":0,"movie_date":"","movie_send_time":"","bunrui":"","title":""},{"checked":false,"fileName":"20200605CTCデモ -15.mp4","filePath":"Z:\\動画\\14_動画データ\\20200605CTCデモ -15.mp4","fileSize":227797147,"updateDate":"2020/09/24 17:30:38","status":"STATUS_NEW","uploadFileName":"","bikou":"","hosp_id":"","patient_id":"","movie_index":0,"movie_date":"","movie_send_time":"","bunrui":"","title":""},{"checked":false,"fileName":"20200605CTCデモ 12.mp4","filePath":"Z:\\動画\\14_動画データ\\20200605CTCデモ 12.mp4","fileSize":227797147,"updateDate":"2020/09/24 17:30:38","status":"STATUS_NEW","uploadFileName":"","bikou":"","hosp_id":"","patient_id":"","movie_index":0,"movie_date":"","movie_send_time":"","bunrui":"","title":""},{"checked":false,"fileName":"20200605CTCデモ.mp4","filePath":"Z:\\動画\\14_動画データ\\20200605CTCデモ.mp4","fileSize":227797147,"updateDate":"2020/09/24 17:30:38","status":"STATUS_NEW","uploadFileName":"","bikou":"","hosp_id":"","patient_id":"","movie_index":0,"movie_date":"","movie_send_time":"","bunrui":"","title":""},{"checked":false,"fileName":"61748671.jpg","filePath":"Z:\\動画\\14_動画データ\\61748671.jpg","fileSize":114660,"updateDate":"2020/11/20 17:05:19","status":"STATUS_NEW","uploadFileName":"","bikou":"","hosp_id":"","patient_id":"","movie_index":0,"movie_date":"","movie_send_time":"","bunrui":"","title":""},{"checked":false,"fileName":"800mangaso.jpg","filePath":"Z:\\動画\\14_動画データ\\800mangaso.jpg","fileSize":108304,"updateDate":"2020/11/20 17:16:45","status":"STATUS_NEW","uploadFileName":"","bikou":"","hosp_id":"","patient_id":"","movie_index":0,"movie_date":"","movie_send_time":"","bunrui":"","title":""},{"checked":false,"fileName":"89a4779d3836ea432f7ea074e522a17e.jpg","filePath":"Z:\\動画\\14_動画データ\\89a4779d3836ea432f7ea074e522a17e.jpg","fileSize":88696,"updateDate":"2020/11/20 17:06:43","status":"STATUS_NEW","uploadFileName":"","bikou":"","hosp_id":"","patient_id":"","movie_index":0,"movie_date":"","movie_send_time":"","bunrui":"","title":""},{"checked":false,"fileName":"chile-5056788__340.jpg","filePath":"Z:\\動画\\14_動画データ\\chile-5056788__340.jpg","fileSize":58713,"updateDate":"2020/11/20 17:08:40","status":"STATUS_NEW","uploadFileName":"","bikou":"","hosp_id":"","patient_id":"","movie_index":0,"movie_date":"","movie_send_time":"","bunrui":"","title":""},{"checked":false,"fileName":"demo_hdri.jpg","filePath":"Z:\\動画\\14_動画データ\\demo_hdri.jpg","fileSize":83037,"updateDate":"2020/11/20 17:15:35","status":"STATUS_NEW","uploadFileName":"","bikou":"","hosp_id":"","patient_id":"","movie_index":0,"movie_date":"","movie_send_time":"","bunrui":"","title":""},{"checked":false,"fileName":"oow2010-2.mp4","filePath":"Z:\\動画\\14_動画データ\\oow2010-2.mp4","fileSize":2787269,"updateDate":"2020/08/29 01:11:12","status":"STATUS_NEW","uploadFileName":"","bikou":"","hosp_id":"","patient_id":"","movie_index":0,"movie_date":"","movie_send_time":"","bunrui":"","title":""},{"checked":false,"fileName":"sample2 - コピー (2).mp4","filePath":"Z:\\動画\\14_動画データ\\sample2 - コピー (2).mp4","fileSize":1501440,"updateDate":"2020/09/06 02:46:04","status":"STATUS_NEW","uploadFileName":"","bikou":"","hosp_id":"","patient_id":"","movie_index":0,"movie_date":"","movie_send_time":"","bunrui":"","title":""},{"checked":false,"fileName":"sample2 - コピー.mp4","filePath":"Z:\\動画\\14_動画データ\\sample2 - コピー.mp4","fileSize":1501440,"updateDate":"2020/09/06 02:46:04","status":"STATUS_NEW","uploadFileName":"","bikou":"","hosp_id":"","patient_id":"","movie_index":0,"movie_date":"","movie_send_time":"","bunrui":"","title":""},{"checked":false,"fileName":"sample2.mp4","filePath":"Z:\\動画\\14_動画データ\\sample2.mp4","fileSize":1501440,"updateDate":"2020/09/06 02:46:04","status":"STATUS_NEW","uploadFileName":"","bikou":"","hosp_id":"","patient_id":"","movie_index":0,"movie_date":"","movie_send_time":"","bunrui":"","title":""},{"checked":false,"fileName":"trees-5749406__340.jpg","filePath":"Z:\\動画\\14_動画データ\\trees-5749406__340.jpg","fileSize":80487,"updateDate":"2020/11/20 17:08:34","status":"STATUS_NEW","uploadFileName":"","bikou":"","hosp_id":"","patient_id":"","movie_index":0,"movie_date":"","movie_send_time":"","bunrui":"","title":""},{"checked":false,"fileName":"we3170_sample2.jpg","filePath":"Z:\\動画\\14_動画データ\\we3170_sample2.jpg","fileSize":710969,"updateDate":"2020/11/20 17:23:14","status":"STATUS_NEW","uploadFileName":"","bikou":"","hosp_id":"","patient_id":"","movie_index":0,"movie_date":"","movie_send_time":"","bunrui":"","title":""}]